# source_id	kind	status	crystal_refs	notes
src/ast/mod.rs::enum::AssertionKind	enum	missing	-	auto-generated
src/ast/mod.rs::enum::Ast	enum	missing	-	auto-generated
src/ast/mod.rs::enum::ClassAsciiKind	enum	missing	-	auto-generated
src/ast/mod.rs::enum::ClassPerlKind	enum	missing	-	auto-generated
src/ast/mod.rs::enum::ClassSet	enum	missing	-	auto-generated
src/ast/mod.rs::enum::ClassSetBinaryOpKind	enum	missing	-	auto-generated
src/ast/mod.rs::enum::ClassSetItem	enum	missing	-	auto-generated
src/ast/mod.rs::enum::ClassUnicodeKind	enum	missing	-	auto-generated
src/ast/mod.rs::enum::ClassUnicodeOpKind	enum	missing	-	auto-generated
src/ast/mod.rs::enum::ErrorKind	enum	missing	-	auto-generated
src/ast/mod.rs::enum::Flag	enum	missing	-	auto-generated
src/ast/mod.rs::enum::FlagsItemKind	enum	missing	-	auto-generated
src/ast/mod.rs::enum::GroupKind	enum	missing	-	auto-generated
src/ast/mod.rs::enum::HexLiteralKind	enum	missing	-	auto-generated
src/ast/mod.rs::enum::LiteralKind	enum	missing	-	auto-generated
src/ast/mod.rs::enum::RepetitionKind	enum	missing	-	auto-generated
src/ast/mod.rs::enum::RepetitionRange	enum	missing	-	auto-generated
src/ast/mod.rs::enum::SpecialLiteralKind	enum	missing	-	auto-generated
src/ast/mod.rs::func::add_item	func	missing	-	auto-generated
src/ast/mod.rs::func::alternation	func	missing	-	auto-generated
src/ast/mod.rs::func::assertion	func	missing	-	auto-generated
src/ast/mod.rs::func::auxiliary_span	func	missing	-	auto-generated
src/ast/mod.rs::func::byte	func	missing	-	auto-generated
src/ast/mod.rs::func::capture_index	func	missing	-	auto-generated
src/ast/mod.rs::func::class_bracketed	func	missing	-	auto-generated
src/ast/mod.rs::func::class_perl	func	missing	-	auto-generated
src/ast/mod.rs::func::class_unicode	func	missing	-	auto-generated
src/ast/mod.rs::func::concat	func	missing	-	auto-generated
src/ast/mod.rs::func::digits	func	missing	-	auto-generated
src/ast/mod.rs::func::dot	func	missing	-	auto-generated
src/ast/mod.rs::func::empty	func	missing	-	auto-generated
src/ast/mod.rs::func::flag_state	func	missing	-	auto-generated
src/ast/mod.rs::func::flags	func	missing	-	auto-generated
src/ast/mod.rs::func::from_name	func	missing	-	auto-generated
src/ast/mod.rs::func::group	func	missing	-	auto-generated
src/ast/mod.rs::func::into_ast	func	missing	-	auto-generated
src/ast/mod.rs::func::into_item	func	missing	-	auto-generated
src/ast/mod.rs::func::is_capturing	func	missing	-	auto-generated
src/ast/mod.rs::func::is_empty	func	missing	-	auto-generated
src/ast/mod.rs::func::is_equal	func	missing	-	auto-generated
src/ast/mod.rs::func::is_negated	func	missing	-	auto-generated
src/ast/mod.rs::func::is_negation	func	missing	-	auto-generated
src/ast/mod.rs::func::is_one_line	func	missing	-	auto-generated
src/ast/mod.rs::func::is_valid	func	missing	-	auto-generated
src/ast/mod.rs::func::kind	func	missing	-	auto-generated
src/ast/mod.rs::func::literal	func	missing	-	auto-generated
src/ast/mod.rs::func::new	func	missing	-	auto-generated
src/ast/mod.rs::func::pattern	func	missing	-	auto-generated
src/ast/mod.rs::func::push	func	missing	-	auto-generated
src/ast/mod.rs::func::repetition	func	missing	-	auto-generated
src/ast/mod.rs::func::span	func	missing	-	auto-generated
src/ast/mod.rs::func::splat	func	missing	-	auto-generated
src/ast/mod.rs::func::union	func	missing	-	auto-generated
src/ast/mod.rs::func::with_end	func	missing	-	auto-generated
src/ast/mod.rs::func::with_start	func	missing	-	auto-generated
src/ast/mod.rs::method::Alternation.into_ast	method	missing	-	auto-generated
src/ast/mod.rs::method::Ast.empty	method	missing	-	auto-generated
src/ast/mod.rs::method::ClassAsciiKind.from_name	method	missing	-	auto-generated
src/ast/mod.rs::method::ClassSet.union	method	missing	-	auto-generated
src/ast/mod.rs::method::ClassSetItem.span	method	missing	-	auto-generated
src/ast/mod.rs::method::ClassSetRange.is_valid	method	missing	-	auto-generated
src/ast/mod.rs::method::ClassSetUnion.push	method	missing	-	auto-generated
src/ast/mod.rs::method::ClassUnicode.is_negated	method	missing	-	auto-generated
src/ast/mod.rs::method::ClassUnicodeOpKind.is_equal	method	missing	-	auto-generated
src/ast/mod.rs::method::Concat.into_ast	method	missing	-	auto-generated
src/ast/mod.rs::method::Error.kind	method	missing	-	auto-generated
src/ast/mod.rs::method::Flags.add_item	method	missing	-	auto-generated
src/ast/mod.rs::method::FlagsItemKind.is_negation	method	missing	-	auto-generated
src/ast/mod.rs::method::Group.flags	method	missing	-	auto-generated
src/ast/mod.rs::method::HexLiteralKind.digits	method	missing	-	auto-generated
src/ast/mod.rs::method::Literal.byte	method	missing	-	auto-generated
src/ast/mod.rs::method::Position.new	method	missing	-	auto-generated
src/ast/mod.rs::method::RepetitionRange.is_valid	method	missing	-	auto-generated
src/ast/mod.rs::method::Span.new	method	missing	-	auto-generated
src/ast/mod.rs::struct::Alternation	struct	missing	-	auto-generated
src/ast/mod.rs::struct::Assertion	struct	missing	-	auto-generated
src/ast/mod.rs::struct::CaptureName	struct	missing	-	auto-generated
src/ast/mod.rs::struct::ClassAscii	struct	missing	-	auto-generated
src/ast/mod.rs::struct::ClassBracketed	struct	missing	-	auto-generated
src/ast/mod.rs::struct::ClassPerl	struct	missing	-	auto-generated
src/ast/mod.rs::struct::ClassSetBinaryOp	struct	missing	-	auto-generated
src/ast/mod.rs::struct::ClassSetRange	struct	missing	-	auto-generated
src/ast/mod.rs::struct::ClassSetUnion	struct	missing	-	auto-generated
src/ast/mod.rs::struct::ClassUnicode	struct	missing	-	auto-generated
src/ast/mod.rs::struct::Comment	struct	missing	-	auto-generated
src/ast/mod.rs::struct::Concat	struct	missing	-	auto-generated
src/ast/mod.rs::struct::Error	struct	missing	-	auto-generated
src/ast/mod.rs::struct::Flags	struct	missing	-	auto-generated
src/ast/mod.rs::struct::FlagsItem	struct	missing	-	auto-generated
src/ast/mod.rs::struct::Group	struct	missing	-	auto-generated
src/ast/mod.rs::struct::Literal	struct	missing	-	auto-generated
src/ast/mod.rs::struct::Position	struct	missing	-	auto-generated
src/ast/mod.rs::struct::Repetition	struct	missing	-	auto-generated
src/ast/mod.rs::struct::RepetitionOp	struct	missing	-	auto-generated
src/ast/mod.rs::struct::SetFlags	struct	missing	-	auto-generated
src/ast/mod.rs::struct::Span	struct	missing	-	auto-generated
src/ast/mod.rs::struct::WithComments	struct	missing	-	auto-generated
src/ast/mod.rs::test::ast_size	test	missing	-	auto-generated
src/ast/mod.rs::test::no_stack_overflow_on_drop	test	missing	-	auto-generated
src/ast/parse.rs::func::build	func	missing	-	auto-generated
src/ast/parse.rs::func::empty_min_range	func	missing	-	auto-generated
src/ast/parse.rs::func::ignore_whitespace	func	missing	-	auto-generated
src/ast/parse.rs::func::nest_limit	func	missing	-	auto-generated
src/ast/parse.rs::func::new	func	missing	-	auto-generated
src/ast/parse.rs::func::octal	func	missing	-	auto-generated
src/ast/parse.rs::func::parse	func	missing	-	auto-generated
src/ast/parse.rs::func::parse_with_comments	func	missing	-	auto-generated
src/ast/parse.rs::method::Parser.new	method	missing	-	auto-generated
src/ast/parse.rs::method::ParserBuilder.new	method	missing	-	auto-generated
src/ast/parse.rs::struct::Parser	struct	missing	-	auto-generated
src/ast/parse.rs::struct::ParserBuilder	struct	missing	-	auto-generated
src/ast/parse.rs::test::maybe_parse_ascii_class	test	missing	-	auto-generated
src/ast/parse.rs::test::parse_alternate	test	missing	-	auto-generated
src/ast/parse.rs::test::parse_capture_name	test	missing	-	auto-generated
src/ast/parse.rs::test::parse_comments	test	missing	-	auto-generated
src/ast/parse.rs::test::parse_counted_repetition	test	missing	-	auto-generated
src/ast/parse.rs::test::parse_decimal	test	missing	-	auto-generated
src/ast/parse.rs::test::parse_escape	test	missing	-	auto-generated
src/ast/parse.rs::test::parse_flag	test	missing	-	auto-generated
src/ast/parse.rs::test::parse_flags	test	missing	-	auto-generated
src/ast/parse.rs::test::parse_group	test	missing	-	auto-generated
src/ast/parse.rs::test::parse_hex_brace	test	missing	-	auto-generated
src/ast/parse.rs::test::parse_hex_eight	test	missing	-	auto-generated
src/ast/parse.rs::test::parse_hex_four	test	missing	-	auto-generated
src/ast/parse.rs::test::parse_hex_two	test	missing	-	auto-generated
src/ast/parse.rs::test::parse_holistic	test	missing	-	auto-generated
src/ast/parse.rs::test::parse_ignore_whitespace	test	missing	-	auto-generated
src/ast/parse.rs::test::parse_nest_limit	test	missing	-	auto-generated
src/ast/parse.rs::test::parse_newlines	test	missing	-	auto-generated
src/ast/parse.rs::test::parse_octal	test	missing	-	auto-generated
src/ast/parse.rs::test::parse_perl_class	test	missing	-	auto-generated
src/ast/parse.rs::test::parse_primitive_non_escape	test	missing	-	auto-generated
src/ast/parse.rs::test::parse_set_class	test	missing	-	auto-generated
src/ast/parse.rs::test::parse_set_class_open	test	missing	-	auto-generated
src/ast/parse.rs::test::parse_uncounted_repetition	test	missing	-	auto-generated
src/ast/parse.rs::test::parse_unicode_class	test	missing	-	auto-generated
src/ast/parse.rs::test::parse_unsupported_backreference	test	missing	-	auto-generated
src/ast/parse.rs::test::parse_unsupported_lookaround	test	missing	-	auto-generated
src/ast/parse.rs::test::regression_454_nest_too_big	test	missing	-	auto-generated
src/ast/parse.rs::test::regression_455_trailing_dash_ignore_whitespace	test	missing	-	auto-generated
src/ast/print.rs::func::new	func	missing	-	auto-generated
src/ast/print.rs::method::Printer.new	method	missing	-	auto-generated
src/ast/print.rs::struct::Printer	struct	missing	-	auto-generated
src/ast/print.rs::test::print_alternation	test	missing	-	auto-generated
src/ast/print.rs::test::print_assertion	test	missing	-	auto-generated
src/ast/print.rs::test::print_class	test	missing	-	auto-generated
src/ast/print.rs::test::print_concat	test	missing	-	auto-generated
src/ast/print.rs::test::print_dot	test	missing	-	auto-generated
src/ast/print.rs::test::print_flags	test	missing	-	auto-generated
src/ast/print.rs::test::print_group	test	missing	-	auto-generated
src/ast/print.rs::test::print_literal	test	missing	-	auto-generated
src/ast/print.rs::test::print_repetition	test	missing	-	auto-generated
src/ast/visitor.rs::trait::Visitor	trait	missing	-	auto-generated
src/either.rs::enum::Either	enum	missing	-	auto-generated
src/error.rs::enum::Error	enum	missing	-	auto-generated
src/error.rs::struct::Formatter	struct	missing	-	auto-generated
src/error.rs::test::regression_464	test	missing	-	auto-generated
src/error.rs::test::repetition_quantifier_expects_a_valid_decimal	test	missing	-	auto-generated
src/hir/interval.rs::func::case_fold_simple	func	missing	-	auto-generated
src/hir/interval.rs::func::difference	func	missing	-	auto-generated
src/hir/interval.rs::func::intersect	func	missing	-	auto-generated
src/hir/interval.rs::func::intervals	func	missing	-	auto-generated
src/hir/interval.rs::func::iter	func	missing	-	auto-generated
src/hir/interval.rs::func::negate	func	missing	-	auto-generated
src/hir/interval.rs::func::push	func	missing	-	auto-generated
src/hir/interval.rs::func::symmetric_difference	func	missing	-	auto-generated
src/hir/interval.rs::func::union	func	missing	-	auto-generated
src/hir/interval.rs::struct::IntervalSet	struct	missing	-	auto-generated
src/hir/interval.rs::struct::IntervalSetIter	struct	missing	-	auto-generated
src/hir/interval.rs::trait::Bound	trait	missing	-	auto-generated
src/hir/interval.rs::trait::Interval	trait	missing	-	auto-generated
src/hir/literal.rs::enum::ExtractKind	enum	missing	-	auto-generated
src/hir/literal.rs::func::as_bytes	func	missing	-	auto-generated
src/hir/literal.rs::func::cross_forward	func	missing	-	auto-generated
src/hir/literal.rs::func::cross_reverse	func	missing	-	auto-generated
src/hir/literal.rs::func::dedup	func	missing	-	auto-generated
src/hir/literal.rs::func::empty	func	missing	-	auto-generated
src/hir/literal.rs::func::extend	func	missing	-	auto-generated
src/hir/literal.rs::func::extract	func	missing	-	auto-generated
src/hir/literal.rs::func::infinite	func	missing	-	auto-generated
src/hir/literal.rs::func::into_bytes	func	missing	-	auto-generated
src/hir/literal.rs::func::is_empty	func	missing	-	auto-generated
src/hir/literal.rs::func::is_exact	func	missing	-	auto-generated
src/hir/literal.rs::func::is_finite	func	missing	-	auto-generated
src/hir/literal.rs::func::is_inexact	func	missing	-	auto-generated
src/hir/literal.rs::func::is_prefix	func	missing	-	auto-generated
src/hir/literal.rs::func::is_suffix	func	missing	-	auto-generated
src/hir/literal.rs::func::keep_first_bytes	func	missing	-	auto-generated
src/hir/literal.rs::func::keep_last_bytes	func	missing	-	auto-generated
src/hir/literal.rs::func::kind	func	missing	-	auto-generated
src/hir/literal.rs::func::len	func	missing	-	auto-generated
src/hir/literal.rs::func::limit_class	func	missing	-	auto-generated
src/hir/literal.rs::func::limit_literal_len	func	missing	-	auto-generated
src/hir/literal.rs::func::limit_repeat	func	missing	-	auto-generated
src/hir/literal.rs::func::limit_total	func	missing	-	auto-generated
src/hir/literal.rs::func::literals	func	missing	-	auto-generated
src/hir/literal.rs::func::longest_common_prefix	func	missing	-	auto-generated
src/hir/literal.rs::func::longest_common_suffix	func	missing	-	auto-generated
src/hir/literal.rs::func::make_inexact	func	missing	-	auto-generated
src/hir/literal.rs::func::make_infinite	func	missing	-	auto-generated
src/hir/literal.rs::func::max_cross_len	func	missing	-	auto-generated
src/hir/literal.rs::func::max_literal_len	func	missing	-	auto-generated
src/hir/literal.rs::func::max_union_len	func	missing	-	auto-generated
src/hir/literal.rs::func::min_literal_len	func	missing	-	auto-generated
src/hir/literal.rs::func::minimize_by_preference	func	missing	-	auto-generated
src/hir/literal.rs::func::new	func	missing	-	auto-generated
src/hir/literal.rs::func::optimize_for_prefix_by_preference	func	missing	-	auto-generated
src/hir/literal.rs::func::optimize_for_suffix_by_preference	func	missing	-	auto-generated
src/hir/literal.rs::func::push	func	missing	-	auto-generated
src/hir/literal.rs::func::rank	func	missing	-	auto-generated
src/hir/literal.rs::func::reverse	func	missing	-	auto-generated
src/hir/literal.rs::func::reverse_literals	func	missing	-	auto-generated
src/hir/literal.rs::func::singleton	func	missing	-	auto-generated
src/hir/literal.rs::func::sort	func	missing	-	auto-generated
src/hir/literal.rs::func::union	func	missing	-	auto-generated
src/hir/literal.rs::func::union_into_empty	func	missing	-	auto-generated
src/hir/literal.rs::method::ExtractKind.is_prefix	method	missing	-	auto-generated
src/hir/literal.rs::method::Extractor.new	method	missing	-	auto-generated
src/hir/literal.rs::method::Seq.empty	method	missing	-	auto-generated
src/hir/literal.rs::struct::Extractor	struct	missing	-	auto-generated
src/hir/literal.rs::struct::Literal	struct	missing	-	auto-generated
src/hir/literal.rs::struct::Seq	struct	missing	-	auto-generated
src/hir/literal.rs::test::alternation	test	missing	-	auto-generated
src/hir/literal.rs::test::anything	test	missing	-	auto-generated
src/hir/literal.rs::test::anything_small_limits	test	missing	-	auto-generated
src/hir/literal.rs::test::class	test	missing	-	auto-generated
src/hir/literal.rs::test::concat	test	missing	-	auto-generated
src/hir/literal.rs::test::crazy_repeats	test	missing	-	auto-generated
src/hir/literal.rs::test::empty	test	missing	-	auto-generated
src/hir/literal.rs::test::holmes	test	missing	-	auto-generated
src/hir/literal.rs::test::holmes_alt	test	missing	-	auto-generated
src/hir/literal.rs::test::huge	test	missing	-	auto-generated
src/hir/literal.rs::test::impossible	test	missing	-	auto-generated
src/hir/literal.rs::test::literal	test	missing	-	auto-generated
src/hir/literal.rs::test::look	test	missing	-	auto-generated
src/hir/literal.rs::test::odds_and_ends	test	missing	-	auto-generated
src/hir/literal.rs::test::optimize	test	missing	-	auto-generated
src/hir/literal.rs::test::repetition	test	missing	-	auto-generated
src/hir/mod.rs::enum::Class	enum	missing	-	auto-generated
src/hir/mod.rs::enum::Dot	enum	missing	-	auto-generated
src/hir/mod.rs::enum::ErrorKind	enum	missing	-	auto-generated
src/hir/mod.rs::enum::HirKind	enum	missing	-	auto-generated
src/hir/mod.rs::enum::Look	enum	missing	-	auto-generated
src/hir/mod.rs::func::alternation	func	missing	-	auto-generated
src/hir/mod.rs::func::capture	func	missing	-	auto-generated
src/hir/mod.rs::func::case_fold_simple	func	missing	-	auto-generated
src/hir/mod.rs::func::class	func	missing	-	auto-generated
src/hir/mod.rs::func::concat	func	missing	-	auto-generated
src/hir/mod.rs::func::contains	func	missing	-	auto-generated
src/hir/mod.rs::func::contains_anchor	func	missing	-	auto-generated
src/hir/mod.rs::func::contains_anchor_crlf	func	missing	-	auto-generated
src/hir/mod.rs::func::contains_anchor_haystack	func	missing	-	auto-generated
src/hir/mod.rs::func::contains_anchor_lf	func	missing	-	auto-generated
src/hir/mod.rs::func::contains_anchor_line	func	missing	-	auto-generated
src/hir/mod.rs::func::contains_word	func	missing	-	auto-generated
src/hir/mod.rs::func::contains_word_ascii	func	missing	-	auto-generated
src/hir/mod.rs::func::contains_word_unicode	func	missing	-	auto-generated
src/hir/mod.rs::func::difference	func	missing	-	auto-generated
src/hir/mod.rs::func::dot	func	missing	-	auto-generated
src/hir/mod.rs::func::empty	func	missing	-	auto-generated
src/hir/mod.rs::func::end	func	missing	-	auto-generated
src/hir/mod.rs::func::explicit_captures_len	func	missing	-	auto-generated
src/hir/mod.rs::func::fail	func	missing	-	auto-generated
src/hir/mod.rs::func::full	func	missing	-	auto-generated
src/hir/mod.rs::func::insert	func	missing	-	auto-generated
src/hir/mod.rs::func::intersect	func	missing	-	auto-generated
src/hir/mod.rs::func::into_kind	func	missing	-	auto-generated
src/hir/mod.rs::func::is_alternation_literal	func	missing	-	auto-generated
src/hir/mod.rs::func::is_ascii	func	missing	-	auto-generated
src/hir/mod.rs::func::is_empty	func	missing	-	auto-generated
src/hir/mod.rs::func::is_literal	func	missing	-	auto-generated
src/hir/mod.rs::func::is_utf8	func	missing	-	auto-generated
src/hir/mod.rs::func::iter	func	missing	-	auto-generated
src/hir/mod.rs::func::kind	func	missing	-	auto-generated
src/hir/mod.rs::func::len	func	missing	-	auto-generated
src/hir/mod.rs::func::literal	func	missing	-	auto-generated
src/hir/mod.rs::func::look	func	missing	-	auto-generated
src/hir/mod.rs::func::look_set	func	missing	-	auto-generated
src/hir/mod.rs::func::look_set_prefix	func	missing	-	auto-generated
src/hir/mod.rs::func::look_set_prefix_any	func	missing	-	auto-generated
src/hir/mod.rs::func::look_set_suffix	func	missing	-	auto-generated
src/hir/mod.rs::func::look_set_suffix_any	func	missing	-	auto-generated
src/hir/mod.rs::func::maximum_len	func	missing	-	auto-generated
src/hir/mod.rs::func::memory_usage	func	missing	-	auto-generated
src/hir/mod.rs::func::minimum_len	func	missing	-	auto-generated
src/hir/mod.rs::func::negate	func	missing	-	auto-generated
src/hir/mod.rs::func::new	func	missing	-	auto-generated
src/hir/mod.rs::func::pattern	func	missing	-	auto-generated
src/hir/mod.rs::func::properties	func	missing	-	auto-generated
src/hir/mod.rs::func::push	func	missing	-	auto-generated
src/hir/mod.rs::func::ranges	func	missing	-	auto-generated
src/hir/mod.rs::func::read_repr	func	missing	-	auto-generated
src/hir/mod.rs::func::remove	func	missing	-	auto-generated
src/hir/mod.rs::func::repetition	func	missing	-	auto-generated
src/hir/mod.rs::func::set_insert	func	missing	-	auto-generated
src/hir/mod.rs::func::set_intersect	func	missing	-	auto-generated
src/hir/mod.rs::func::set_remove	func	missing	-	auto-generated
src/hir/mod.rs::func::set_subtract	func	missing	-	auto-generated
src/hir/mod.rs::func::set_union	func	missing	-	auto-generated
src/hir/mod.rs::func::singleton	func	missing	-	auto-generated
src/hir/mod.rs::func::span	func	missing	-	auto-generated
src/hir/mod.rs::func::start	func	missing	-	auto-generated
src/hir/mod.rs::func::static_explicit_captures_len	func	missing	-	auto-generated
src/hir/mod.rs::func::subs	func	missing	-	auto-generated
src/hir/mod.rs::func::subtract	func	missing	-	auto-generated
src/hir/mod.rs::func::symmetric_difference	func	missing	-	auto-generated
src/hir/mod.rs::func::to_byte_class	func	missing	-	auto-generated
src/hir/mod.rs::func::to_unicode_class	func	missing	-	auto-generated
src/hir/mod.rs::func::try_case_fold_simple	func	missing	-	auto-generated
src/hir/mod.rs::func::union	func	missing	-	auto-generated
src/hir/mod.rs::func::with	func	missing	-	auto-generated
src/hir/mod.rs::func::write_repr	func	missing	-	auto-generated
src/hir/mod.rs::method::Class.case_fold_simple	method	missing	-	auto-generated
src/hir/mod.rs::method::ClassBytesRange.new	method	missing	-	auto-generated
src/hir/mod.rs::method::ClassUnicodeRange.new	method	missing	-	auto-generated
src/hir/mod.rs::method::Error.kind	method	missing	-	auto-generated
src/hir/mod.rs::method::Hir.empty	method	missing	-	auto-generated
src/hir/mod.rs::method::Hir.kind	method	missing	-	auto-generated
src/hir/mod.rs::method::HirKind.subs	method	missing	-	auto-generated
src/hir/mod.rs::method::LookSet.empty	method	missing	-	auto-generated
src/hir/mod.rs::method::Properties.minimum_len	method	missing	-	auto-generated
src/hir/mod.rs::method::Repetition.with	method	missing	-	auto-generated
src/hir/mod.rs::struct::Capture	struct	missing	-	auto-generated
src/hir/mod.rs::struct::ClassBytes	struct	missing	-	auto-generated
src/hir/mod.rs::struct::ClassBytesIter	struct	missing	-	auto-generated
src/hir/mod.rs::struct::ClassBytesRange	struct	missing	-	auto-generated
src/hir/mod.rs::struct::ClassUnicode	struct	missing	-	auto-generated
src/hir/mod.rs::struct::ClassUnicodeIter	struct	missing	-	auto-generated
src/hir/mod.rs::struct::ClassUnicodeRange	struct	missing	-	auto-generated
src/hir/mod.rs::struct::Error	struct	missing	-	auto-generated
src/hir/mod.rs::struct::Hir	struct	missing	-	auto-generated
src/hir/mod.rs::struct::Literal	struct	missing	-	auto-generated
src/hir/mod.rs::struct::LookSet	struct	missing	-	auto-generated
src/hir/mod.rs::struct::LookSetIter	struct	missing	-	auto-generated
src/hir/mod.rs::struct::Properties	struct	missing	-	auto-generated
src/hir/mod.rs::struct::Repetition	struct	missing	-	auto-generated
src/hir/mod.rs::test::class_canonicalize_bytes	test	missing	-	auto-generated
src/hir/mod.rs::test::class_canonicalize_unicode	test	missing	-	auto-generated
src/hir/mod.rs::test::class_case_fold_bytes	test	missing	-	auto-generated
src/hir/mod.rs::test::class_case_fold_unicode	test	missing	-	auto-generated
src/hir/mod.rs::test::class_case_fold_unicode_disabled	test	missing	-	auto-generated
src/hir/mod.rs::test::class_case_fold_unicode_disabled_panics	test	missing	-	auto-generated
src/hir/mod.rs::test::class_difference_bytes	test	missing	-	auto-generated
src/hir/mod.rs::test::class_difference_unicode	test	missing	-	auto-generated
src/hir/mod.rs::test::class_intersect_bytes	test	missing	-	auto-generated
src/hir/mod.rs::test::class_intersect_unicode	test	missing	-	auto-generated
src/hir/mod.rs::test::class_negate_bytes	test	missing	-	auto-generated
src/hir/mod.rs::test::class_negate_unicode	test	missing	-	auto-generated
src/hir/mod.rs::test::class_range_canonical_bytes	test	missing	-	auto-generated
src/hir/mod.rs::test::class_range_canonical_unicode	test	missing	-	auto-generated
src/hir/mod.rs::test::class_symmetric_difference_bytes	test	missing	-	auto-generated
src/hir/mod.rs::test::class_symmetric_difference_unicode	test	missing	-	auto-generated
src/hir/mod.rs::test::class_union_bytes	test	missing	-	auto-generated
src/hir/mod.rs::test::class_union_unicode	test	missing	-	auto-generated
src/hir/mod.rs::test::look_set_debug	test	missing	-	auto-generated
src/hir/mod.rs::test::look_set_iter	test	missing	-	auto-generated
src/hir/mod.rs::test::no_stack_overflow_on_drop	test	missing	-	auto-generated
src/hir/print.rs::func::new	func	missing	-	auto-generated
src/hir/print.rs::method::Printer.new	method	missing	-	auto-generated
src/hir/print.rs::struct::Printer	struct	missing	-	auto-generated
src/hir/print.rs::test::print_alternation	test	missing	-	auto-generated
src/hir/print.rs::test::print_anchor	test	missing	-	auto-generated
src/hir/print.rs::test::print_class	test	missing	-	auto-generated
src/hir/print.rs::test::print_group	test	missing	-	auto-generated
src/hir/print.rs::test::print_literal	test	missing	-	auto-generated
src/hir/print.rs::test::print_repetition	test	missing	-	auto-generated
src/hir/print.rs::test::print_word_boundary	test	missing	-	auto-generated
src/hir/print.rs::test::regression_alternation_concat	test	missing	-	auto-generated
src/hir/print.rs::test::regression_repetition_alternation	test	missing	-	auto-generated
src/hir/print.rs::test::regression_repetition_concat	test	missing	-	auto-generated
src/hir/translate.rs::func::build	func	missing	-	auto-generated
src/hir/translate.rs::func::case_insensitive	func	missing	-	auto-generated
src/hir/translate.rs::func::crlf	func	missing	-	auto-generated
src/hir/translate.rs::func::dot_matches_new_line	func	missing	-	auto-generated
src/hir/translate.rs::func::line_terminator	func	missing	-	auto-generated
src/hir/translate.rs::func::multi_line	func	missing	-	auto-generated
src/hir/translate.rs::func::new	func	missing	-	auto-generated
src/hir/translate.rs::func::swap_greed	func	missing	-	auto-generated
src/hir/translate.rs::func::translate	func	missing	-	auto-generated
src/hir/translate.rs::func::unicode	func	missing	-	auto-generated
src/hir/translate.rs::func::utf8	func	missing	-	auto-generated
src/hir/translate.rs::method::Translator.new	method	missing	-	auto-generated
src/hir/translate.rs::method::TranslatorBuilder.new	method	missing	-	auto-generated
src/hir/translate.rs::struct::Translator	struct	missing	-	auto-generated
src/hir/translate.rs::struct::TranslatorBuilder	struct	missing	-	auto-generated
src/hir/translate.rs::test::analysis_can_empty	test	missing	-	auto-generated
src/hir/translate.rs::test::analysis_captures_len	test	missing	-	auto-generated
src/hir/translate.rs::test::analysis_is_all_assertions	test	missing	-	auto-generated
src/hir/translate.rs::test::analysis_is_alternation_literal	test	missing	-	auto-generated
src/hir/translate.rs::test::analysis_is_anchored	test	missing	-	auto-generated
src/hir/translate.rs::test::analysis_is_any_anchored	test	missing	-	auto-generated
src/hir/translate.rs::test::analysis_is_literal	test	missing	-	auto-generated
src/hir/translate.rs::test::analysis_is_utf8	test	missing	-	auto-generated
src/hir/translate.rs::test::analysis_look_set_prefix_any	test	missing	-	auto-generated
src/hir/translate.rs::test::analysis_static_captures_len	test	missing	-	auto-generated
src/hir/translate.rs::test::assertions	test	missing	-	auto-generated
src/hir/translate.rs::test::cat_alt	test	missing	-	auto-generated
src/hir/translate.rs::test::cat_class_flattened	test	missing	-	auto-generated
src/hir/translate.rs::test::class_ascii	test	missing	-	auto-generated
src/hir/translate.rs::test::class_ascii_multiple	test	missing	-	auto-generated
src/hir/translate.rs::test::class_bracketed	test	missing	-	auto-generated
src/hir/translate.rs::test::class_bracketed_difference	test	missing	-	auto-generated
src/hir/translate.rs::test::class_bracketed_intersect	test	missing	-	auto-generated
src/hir/translate.rs::test::class_bracketed_intersect_negate	test	missing	-	auto-generated
src/hir/translate.rs::test::class_bracketed_nested	test	missing	-	auto-generated
src/hir/translate.rs::test::class_bracketed_symmetric_difference	test	missing	-	auto-generated
src/hir/translate.rs::test::class_bracketed_union	test	missing	-	auto-generated
src/hir/translate.rs::test::class_perl_ascii	test	missing	-	auto-generated
src/hir/translate.rs::test::class_perl_digit_disabled	test	missing	-	auto-generated
src/hir/translate.rs::test::class_perl_space_disabled	test	missing	-	auto-generated
src/hir/translate.rs::test::class_perl_unicode	test	missing	-	auto-generated
src/hir/translate.rs::test::class_perl_word_disabled	test	missing	-	auto-generated
src/hir/translate.rs::test::class_unicode_age	test	missing	-	auto-generated
src/hir/translate.rs::test::class_unicode_age_disabled	test	missing	-	auto-generated
src/hir/translate.rs::test::class_unicode_any_empty	test	missing	-	auto-generated
src/hir/translate.rs::test::class_unicode_gencat	test	missing	-	auto-generated
src/hir/translate.rs::test::class_unicode_gencat_disabled	test	missing	-	auto-generated
src/hir/translate.rs::test::class_unicode_script	test	missing	-	auto-generated
src/hir/translate.rs::test::class_unicode_script_disabled	test	missing	-	auto-generated
src/hir/translate.rs::test::dot	test	missing	-	auto-generated
src/hir/translate.rs::test::empty	test	missing	-	auto-generated
src/hir/translate.rs::test::escape	test	missing	-	auto-generated
src/hir/translate.rs::test::flags	test	missing	-	auto-generated
src/hir/translate.rs::test::group	test	missing	-	auto-generated
src/hir/translate.rs::test::ignore_whitespace	test	missing	-	auto-generated
src/hir/translate.rs::test::line_anchors	test	missing	-	auto-generated
src/hir/translate.rs::test::literal	test	missing	-	auto-generated
src/hir/translate.rs::test::literal_case_insensitive	test	missing	-	auto-generated
src/hir/translate.rs::test::regression_alt_empty_concat	test	missing	-	auto-generated
src/hir/translate.rs::test::regression_empty_alt	test	missing	-	auto-generated
src/hir/translate.rs::test::regression_fuzz_char_decrement1	test	missing	-	auto-generated
src/hir/translate.rs::test::regression_fuzz_difference1	test	missing	-	auto-generated
src/hir/translate.rs::test::regression_fuzz_match	test	missing	-	auto-generated
src/hir/translate.rs::test::regression_singleton_alt	test	missing	-	auto-generated
src/hir/translate.rs::test::repetition	test	missing	-	auto-generated
src/hir/translate.rs::test::smart_alternation	test	missing	-	auto-generated
src/hir/translate.rs::test::smart_concat	test	missing	-	auto-generated
src/hir/translate.rs::test::smart_repetition	test	missing	-	auto-generated
src/hir/visitor.rs::trait::Visitor	trait	missing	-	auto-generated
src/lib.rs::func::escape	func	missing	-	auto-generated
src/lib.rs::func::escape_into	func	missing	-	auto-generated
src/lib.rs::func::is_escapeable_character	func	missing	-	auto-generated
src/lib.rs::func::is_meta_character	func	missing	-	auto-generated
src/lib.rs::func::is_word_byte	func	missing	-	auto-generated
src/lib.rs::func::is_word_character	func	missing	-	auto-generated
src/lib.rs::func::try_is_word_character	func	missing	-	auto-generated
src/lib.rs::test::escape_meta	test	missing	-	auto-generated
src/lib.rs::test::word_byte	test	missing	-	auto-generated
src/lib.rs::test::word_char	test	missing	-	auto-generated
src/lib.rs::test::word_char_disabled_error	test	missing	-	auto-generated
src/lib.rs::test::word_char_disabled_panic	test	missing	-	auto-generated
src/parser.rs::func::build	func	missing	-	auto-generated
src/parser.rs::func::case_insensitive	func	missing	-	auto-generated
src/parser.rs::func::crlf	func	missing	-	auto-generated
src/parser.rs::func::dot_matches_new_line	func	missing	-	auto-generated
src/parser.rs::func::ignore_whitespace	func	missing	-	auto-generated
src/parser.rs::func::line_terminator	func	missing	-	auto-generated
src/parser.rs::func::multi_line	func	missing	-	auto-generated
src/parser.rs::func::nest_limit	func	missing	-	auto-generated
src/parser.rs::func::new	func	missing	-	auto-generated
src/parser.rs::func::octal	func	missing	-	auto-generated
src/parser.rs::func::parse	func	missing	-	auto-generated
src/parser.rs::func::swap_greed	func	missing	-	auto-generated
src/parser.rs::func::unicode	func	missing	-	auto-generated
src/parser.rs::func::utf8	func	missing	-	auto-generated
src/parser.rs::method::Parser.new	method	missing	-	auto-generated
src/parser.rs::method::ParserBuilder.new	method	missing	-	auto-generated
src/parser.rs::struct::Parser	struct	missing	-	auto-generated
src/parser.rs::struct::ParserBuilder	struct	missing	-	auto-generated
src/unicode.rs::enum::ClassQuery	enum	missing	-	auto-generated
src/unicode.rs::enum::Error	enum	missing	-	auto-generated
src/unicode.rs::func::class	func	missing	-	auto-generated
src/unicode.rs::func::hir_class	func	missing	-	auto-generated
src/unicode.rs::func::is_word_character	func	missing	-	auto-generated
src/unicode.rs::func::mapping	func	missing	-	auto-generated
src/unicode.rs::func::new	func	missing	-	auto-generated
src/unicode.rs::func::overlaps	func	missing	-	auto-generated
src/unicode.rs::func::perl_digit	func	missing	-	auto-generated
src/unicode.rs::func::perl_space	func	missing	-	auto-generated
src/unicode.rs::func::perl_word	func	missing	-	auto-generated
src/unicode.rs::method::SimpleCaseFolder.new	method	missing	-	auto-generated
src/unicode.rs::struct::CaseFoldError	struct	missing	-	auto-generated
src/unicode.rs::struct::SimpleCaseFolder	struct	missing	-	auto-generated
src/unicode.rs::struct::UnicodeWordError	struct	missing	-	auto-generated
src/unicode.rs::test::range_contains	test	missing	-	auto-generated
src/unicode.rs::test::regression_466	test	missing	-	auto-generated
src/unicode.rs::test::simple_fold_a	test	missing	-	auto-generated
src/unicode.rs::test::simple_fold_disabled	test	missing	-	auto-generated
src/unicode.rs::test::simple_fold_k	test	missing	-	auto-generated
src/unicode.rs::test::sym_normalize	test	missing	-	auto-generated
src/unicode.rs::test::valid_utf8_symbolic	test	missing	-	auto-generated
src/unicode_tables/age.rs::const::BY_NAME	const	missing	-	auto-generated
src/unicode_tables/age.rs::const::V10_0	const	missing	-	auto-generated
src/unicode_tables/age.rs::const::V11_0	const	missing	-	auto-generated
src/unicode_tables/age.rs::const::V12_0	const	missing	-	auto-generated
src/unicode_tables/age.rs::const::V12_1	const	missing	-	auto-generated
src/unicode_tables/age.rs::const::V13_0	const	missing	-	auto-generated
src/unicode_tables/age.rs::const::V14_0	const	missing	-	auto-generated
src/unicode_tables/age.rs::const::V15_0	const	missing	-	auto-generated
src/unicode_tables/age.rs::const::V15_1	const	missing	-	auto-generated
src/unicode_tables/age.rs::const::V16_0	const	missing	-	auto-generated
src/unicode_tables/age.rs::const::V1_1	const	missing	-	auto-generated
src/unicode_tables/age.rs::const::V2_0	const	missing	-	auto-generated
src/unicode_tables/age.rs::const::V2_1	const	missing	-	auto-generated
src/unicode_tables/age.rs::const::V3_0	const	missing	-	auto-generated
src/unicode_tables/age.rs::const::V3_1	const	missing	-	auto-generated
src/unicode_tables/age.rs::const::V3_2	const	missing	-	auto-generated
src/unicode_tables/age.rs::const::V4_0	const	missing	-	auto-generated
src/unicode_tables/age.rs::const::V4_1	const	missing	-	auto-generated
src/unicode_tables/age.rs::const::V5_0	const	missing	-	auto-generated
src/unicode_tables/age.rs::const::V5_1	const	missing	-	auto-generated
src/unicode_tables/age.rs::const::V5_2	const	missing	-	auto-generated
src/unicode_tables/age.rs::const::V6_0	const	missing	-	auto-generated
src/unicode_tables/age.rs::const::V6_1	const	missing	-	auto-generated
src/unicode_tables/age.rs::const::V6_2	const	missing	-	auto-generated
src/unicode_tables/age.rs::const::V6_3	const	missing	-	auto-generated
src/unicode_tables/age.rs::const::V7_0	const	missing	-	auto-generated
src/unicode_tables/age.rs::const::V8_0	const	missing	-	auto-generated
src/unicode_tables/age.rs::const::V9_0	const	missing	-	auto-generated
src/unicode_tables/case_folding_simple.rs::const::CASE_FOLDING_SIMPLE	const	missing	-	auto-generated
src/unicode_tables/general_category.rs::const::BY_NAME	const	missing	-	auto-generated
src/unicode_tables/general_category.rs::const::CASED_LETTER	const	missing	-	auto-generated
src/unicode_tables/general_category.rs::const::CLOSE_PUNCTUATION	const	missing	-	auto-generated
src/unicode_tables/general_category.rs::const::CONNECTOR_PUNCTUATION	const	missing	-	auto-generated
src/unicode_tables/general_category.rs::const::CONTROL	const	missing	-	auto-generated
src/unicode_tables/general_category.rs::const::CURRENCY_SYMBOL	const	missing	-	auto-generated
src/unicode_tables/general_category.rs::const::DASH_PUNCTUATION	const	missing	-	auto-generated
src/unicode_tables/general_category.rs::const::DECIMAL_NUMBER	const	missing	-	auto-generated
src/unicode_tables/general_category.rs::const::ENCLOSING_MARK	const	missing	-	auto-generated
src/unicode_tables/general_category.rs::const::FINAL_PUNCTUATION	const	missing	-	auto-generated
src/unicode_tables/general_category.rs::const::FORMAT	const	missing	-	auto-generated
src/unicode_tables/general_category.rs::const::INITIAL_PUNCTUATION	const	missing	-	auto-generated
src/unicode_tables/general_category.rs::const::LETTER	const	missing	-	auto-generated
src/unicode_tables/general_category.rs::const::LETTER_NUMBER	const	missing	-	auto-generated
src/unicode_tables/general_category.rs::const::LINE_SEPARATOR	const	missing	-	auto-generated
src/unicode_tables/general_category.rs::const::LOWERCASE_LETTER	const	missing	-	auto-generated
src/unicode_tables/general_category.rs::const::MARK	const	missing	-	auto-generated
src/unicode_tables/general_category.rs::const::MATH_SYMBOL	const	missing	-	auto-generated
src/unicode_tables/general_category.rs::const::MODIFIER_LETTER	const	missing	-	auto-generated
src/unicode_tables/general_category.rs::const::MODIFIER_SYMBOL	const	missing	-	auto-generated
src/unicode_tables/general_category.rs::const::NONSPACING_MARK	const	missing	-	auto-generated
src/unicode_tables/general_category.rs::const::NUMBER	const	missing	-	auto-generated
src/unicode_tables/general_category.rs::const::OPEN_PUNCTUATION	const	missing	-	auto-generated
src/unicode_tables/general_category.rs::const::OTHER	const	missing	-	auto-generated
src/unicode_tables/general_category.rs::const::OTHER_LETTER	const	missing	-	auto-generated
src/unicode_tables/general_category.rs::const::OTHER_NUMBER	const	missing	-	auto-generated
src/unicode_tables/general_category.rs::const::OTHER_PUNCTUATION	const	missing	-	auto-generated
src/unicode_tables/general_category.rs::const::OTHER_SYMBOL	const	missing	-	auto-generated
src/unicode_tables/general_category.rs::const::PARAGRAPH_SEPARATOR	const	missing	-	auto-generated
src/unicode_tables/general_category.rs::const::PRIVATE_USE	const	missing	-	auto-generated
src/unicode_tables/general_category.rs::const::PUNCTUATION	const	missing	-	auto-generated
src/unicode_tables/general_category.rs::const::SEPARATOR	const	missing	-	auto-generated
src/unicode_tables/general_category.rs::const::SPACE_SEPARATOR	const	missing	-	auto-generated
src/unicode_tables/general_category.rs::const::SPACING_MARK	const	missing	-	auto-generated
src/unicode_tables/general_category.rs::const::SYMBOL	const	missing	-	auto-generated
src/unicode_tables/general_category.rs::const::TITLECASE_LETTER	const	missing	-	auto-generated
src/unicode_tables/general_category.rs::const::UNASSIGNED	const	missing	-	auto-generated
src/unicode_tables/general_category.rs::const::UPPERCASE_LETTER	const	missing	-	auto-generated
src/unicode_tables/grapheme_cluster_break.rs::const::BY_NAME	const	missing	-	auto-generated
src/unicode_tables/grapheme_cluster_break.rs::const::CONTROL	const	missing	-	auto-generated
src/unicode_tables/grapheme_cluster_break.rs::const::CR	const	missing	-	auto-generated
src/unicode_tables/grapheme_cluster_break.rs::const::EXTEND	const	missing	-	auto-generated
src/unicode_tables/grapheme_cluster_break.rs::const::L	const	missing	-	auto-generated
src/unicode_tables/grapheme_cluster_break.rs::const::LF	const	missing	-	auto-generated
src/unicode_tables/grapheme_cluster_break.rs::const::LV	const	missing	-	auto-generated
src/unicode_tables/grapheme_cluster_break.rs::const::LVT	const	missing	-	auto-generated
src/unicode_tables/grapheme_cluster_break.rs::const::PREPEND	const	missing	-	auto-generated
src/unicode_tables/grapheme_cluster_break.rs::const::REGIONAL_INDICATOR	const	missing	-	auto-generated
src/unicode_tables/grapheme_cluster_break.rs::const::SPACINGMARK	const	missing	-	auto-generated
src/unicode_tables/grapheme_cluster_break.rs::const::T	const	missing	-	auto-generated
src/unicode_tables/grapheme_cluster_break.rs::const::V	const	missing	-	auto-generated
src/unicode_tables/grapheme_cluster_break.rs::const::ZWJ	const	missing	-	auto-generated
src/unicode_tables/perl_decimal.rs::const::BY_NAME	const	missing	-	auto-generated
src/unicode_tables/perl_decimal.rs::const::DECIMAL_NUMBER	const	missing	-	auto-generated
src/unicode_tables/perl_space.rs::const::BY_NAME	const	missing	-	auto-generated
src/unicode_tables/perl_space.rs::const::WHITE_SPACE	const	missing	-	auto-generated
src/unicode_tables/perl_word.rs::const::PERL_WORD	const	missing	-	auto-generated
src/unicode_tables/property_bool.rs::const::ALPHABETIC	const	missing	-	auto-generated
src/unicode_tables/property_bool.rs::const::ASCII_HEX_DIGIT	const	missing	-	auto-generated
src/unicode_tables/property_bool.rs::const::BIDI_CONTROL	const	missing	-	auto-generated
src/unicode_tables/property_bool.rs::const::BIDI_MIRRORED	const	missing	-	auto-generated
src/unicode_tables/property_bool.rs::const::BY_NAME	const	missing	-	auto-generated
src/unicode_tables/property_bool.rs::const::CASED	const	missing	-	auto-generated
src/unicode_tables/property_bool.rs::const::CASE_IGNORABLE	const	missing	-	auto-generated
src/unicode_tables/property_bool.rs::const::CHANGES_WHEN_CASEFOLDED	const	missing	-	auto-generated
src/unicode_tables/property_bool.rs::const::CHANGES_WHEN_CASEMAPPED	const	missing	-	auto-generated
src/unicode_tables/property_bool.rs::const::CHANGES_WHEN_LOWERCASED	const	missing	-	auto-generated
src/unicode_tables/property_bool.rs::const::CHANGES_WHEN_TITLECASED	const	missing	-	auto-generated
src/unicode_tables/property_bool.rs::const::CHANGES_WHEN_UPPERCASED	const	missing	-	auto-generated
src/unicode_tables/property_bool.rs::const::DASH	const	missing	-	auto-generated
src/unicode_tables/property_bool.rs::const::DEFAULT_IGNORABLE_CODE_POINT	const	missing	-	auto-generated
src/unicode_tables/property_bool.rs::const::DEPRECATED	const	missing	-	auto-generated
src/unicode_tables/property_bool.rs::const::DIACRITIC	const	missing	-	auto-generated
src/unicode_tables/property_bool.rs::const::EMOJI	const	missing	-	auto-generated
src/unicode_tables/property_bool.rs::const::EMOJI_COMPONENT	const	missing	-	auto-generated
src/unicode_tables/property_bool.rs::const::EMOJI_MODIFIER	const	missing	-	auto-generated
src/unicode_tables/property_bool.rs::const::EMOJI_MODIFIER_BASE	const	missing	-	auto-generated
src/unicode_tables/property_bool.rs::const::EMOJI_PRESENTATION	const	missing	-	auto-generated
src/unicode_tables/property_bool.rs::const::EXTENDED_PICTOGRAPHIC	const	missing	-	auto-generated
src/unicode_tables/property_bool.rs::const::EXTENDER	const	missing	-	auto-generated
src/unicode_tables/property_bool.rs::const::GRAPHEME_BASE	const	missing	-	auto-generated
src/unicode_tables/property_bool.rs::const::GRAPHEME_EXTEND	const	missing	-	auto-generated
src/unicode_tables/property_bool.rs::const::GRAPHEME_LINK	const	missing	-	auto-generated
src/unicode_tables/property_bool.rs::const::HEX_DIGIT	const	missing	-	auto-generated
src/unicode_tables/property_bool.rs::const::HYPHEN	const	missing	-	auto-generated
src/unicode_tables/property_bool.rs::const::IDEOGRAPHIC	const	missing	-	auto-generated
src/unicode_tables/property_bool.rs::const::IDS_BINARY_OPERATOR	const	missing	-	auto-generated
src/unicode_tables/property_bool.rs::const::IDS_TRINARY_OPERATOR	const	missing	-	auto-generated
src/unicode_tables/property_bool.rs::const::IDS_UNARY_OPERATOR	const	missing	-	auto-generated
src/unicode_tables/property_bool.rs::const::ID_COMPAT_MATH_CONTINUE	const	missing	-	auto-generated
src/unicode_tables/property_bool.rs::const::ID_COMPAT_MATH_START	const	missing	-	auto-generated
src/unicode_tables/property_bool.rs::const::ID_CONTINUE	const	missing	-	auto-generated
src/unicode_tables/property_bool.rs::const::ID_START	const	missing	-	auto-generated
src/unicode_tables/property_bool.rs::const::INCB	const	missing	-	auto-generated
src/unicode_tables/property_bool.rs::const::JOIN_CONTROL	const	missing	-	auto-generated
src/unicode_tables/property_bool.rs::const::LOGICAL_ORDER_EXCEPTION	const	missing	-	auto-generated
src/unicode_tables/property_bool.rs::const::LOWERCASE	const	missing	-	auto-generated
src/unicode_tables/property_bool.rs::const::MATH	const	missing	-	auto-generated
src/unicode_tables/property_bool.rs::const::MODIFIER_COMBINING_MARK	const	missing	-	auto-generated
src/unicode_tables/property_bool.rs::const::NONCHARACTER_CODE_POINT	const	missing	-	auto-generated
src/unicode_tables/property_bool.rs::const::OTHER_ALPHABETIC	const	missing	-	auto-generated
src/unicode_tables/property_bool.rs::const::OTHER_DEFAULT_IGNORABLE_CODE_POINT	const	missing	-	auto-generated
src/unicode_tables/property_bool.rs::const::OTHER_GRAPHEME_EXTEND	const	missing	-	auto-generated
src/unicode_tables/property_bool.rs::const::OTHER_ID_CONTINUE	const	missing	-	auto-generated
src/unicode_tables/property_bool.rs::const::OTHER_ID_START	const	missing	-	auto-generated
src/unicode_tables/property_bool.rs::const::OTHER_LOWERCASE	const	missing	-	auto-generated
src/unicode_tables/property_bool.rs::const::OTHER_MATH	const	missing	-	auto-generated
src/unicode_tables/property_bool.rs::const::OTHER_UPPERCASE	const	missing	-	auto-generated
src/unicode_tables/property_bool.rs::const::PATTERN_SYNTAX	const	missing	-	auto-generated
src/unicode_tables/property_bool.rs::const::PATTERN_WHITE_SPACE	const	missing	-	auto-generated
src/unicode_tables/property_bool.rs::const::PREPENDED_CONCATENATION_MARK	const	missing	-	auto-generated
src/unicode_tables/property_bool.rs::const::QUOTATION_MARK	const	missing	-	auto-generated
src/unicode_tables/property_bool.rs::const::RADICAL	const	missing	-	auto-generated
src/unicode_tables/property_bool.rs::const::REGIONAL_INDICATOR	const	missing	-	auto-generated
src/unicode_tables/property_bool.rs::const::SENTENCE_TERMINAL	const	missing	-	auto-generated
src/unicode_tables/property_bool.rs::const::SOFT_DOTTED	const	missing	-	auto-generated
src/unicode_tables/property_bool.rs::const::TERMINAL_PUNCTUATION	const	missing	-	auto-generated
src/unicode_tables/property_bool.rs::const::UNIFIED_IDEOGRAPH	const	missing	-	auto-generated
src/unicode_tables/property_bool.rs::const::UPPERCASE	const	missing	-	auto-generated
src/unicode_tables/property_bool.rs::const::VARIATION_SELECTOR	const	missing	-	auto-generated
src/unicode_tables/property_bool.rs::const::WHITE_SPACE	const	missing	-	auto-generated
src/unicode_tables/property_bool.rs::const::XID_CONTINUE	const	missing	-	auto-generated
src/unicode_tables/property_bool.rs::const::XID_START	const	missing	-	auto-generated
src/unicode_tables/property_names.rs::const::PROPERTY_NAMES	const	missing	-	auto-generated
src/unicode_tables/property_values.rs::const::PROPERTY_VALUES	const	missing	-	auto-generated
src/unicode_tables/script.rs::const::ADLAM	const	missing	-	auto-generated
src/unicode_tables/script.rs::const::AHOM	const	missing	-	auto-generated
src/unicode_tables/script.rs::const::ANATOLIAN_HIEROGLYPHS	const	missing	-	auto-generated
src/unicode_tables/script.rs::const::ARABIC	const	missing	-	auto-generated
src/unicode_tables/script.rs::const::ARMENIAN	const	missing	-	auto-generated
src/unicode_tables/script.rs::const::AVESTAN	const	missing	-	auto-generated
src/unicode_tables/script.rs::const::BALINESE	const	missing	-	auto-generated
src/unicode_tables/script.rs::const::BAMUM	const	missing	-	auto-generated
src/unicode_tables/script.rs::const::BASSA_VAH	const	missing	-	auto-generated
src/unicode_tables/script.rs::const::BATAK	const	missing	-	auto-generated
src/unicode_tables/script.rs::const::BENGALI	const	missing	-	auto-generated
src/unicode_tables/script.rs::const::BHAIKSUKI	const	missing	-	auto-generated
src/unicode_tables/script.rs::const::BOPOMOFO	const	missing	-	auto-generated
src/unicode_tables/script.rs::const::BRAHMI	const	missing	-	auto-generated
src/unicode_tables/script.rs::const::BRAILLE	const	missing	-	auto-generated
src/unicode_tables/script.rs::const::BUGINESE	const	missing	-	auto-generated
src/unicode_tables/script.rs::const::BUHID	const	missing	-	auto-generated
src/unicode_tables/script.rs::const::BY_NAME	const	missing	-	auto-generated
src/unicode_tables/script.rs::const::CANADIAN_ABORIGINAL	const	missing	-	auto-generated
src/unicode_tables/script.rs::const::CARIAN	const	missing	-	auto-generated
src/unicode_tables/script.rs::const::CAUCASIAN_ALBANIAN	const	missing	-	auto-generated
src/unicode_tables/script.rs::const::CHAKMA	const	missing	-	auto-generated
src/unicode_tables/script.rs::const::CHAM	const	missing	-	auto-generated
src/unicode_tables/script.rs::const::CHEROKEE	const	missing	-	auto-generated
src/unicode_tables/script.rs::const::CHORASMIAN	const	missing	-	auto-generated
src/unicode_tables/script.rs::const::COMMON	const	missing	-	auto-generated
src/unicode_tables/script.rs::const::COPTIC	const	missing	-	auto-generated
src/unicode_tables/script.rs::const::CUNEIFORM	const	missing	-	auto-generated
src/unicode_tables/script.rs::const::CYPRIOT	const	missing	-	auto-generated
src/unicode_tables/script.rs::const::CYPRO_MINOAN	const	missing	-	auto-generated
src/unicode_tables/script.rs::const::CYRILLIC	const	missing	-	auto-generated
src/unicode_tables/script.rs::const::DESERET	const	missing	-	auto-generated
src/unicode_tables/script.rs::const::DEVANAGARI	const	missing	-	auto-generated
src/unicode_tables/script.rs::const::DIVES_AKURU	const	missing	-	auto-generated
src/unicode_tables/script.rs::const::DOGRA	const	missing	-	auto-generated
src/unicode_tables/script.rs::const::DUPLOYAN	const	missing	-	auto-generated
src/unicode_tables/script.rs::const::EGYPTIAN_HIEROGLYPHS	const	missing	-	auto-generated
src/unicode_tables/script.rs::const::ELBASAN	const	missing	-	auto-generated
src/unicode_tables/script.rs::const::ELYMAIC	const	missing	-	auto-generated
src/unicode_tables/script.rs::const::ETHIOPIC	const	missing	-	auto-generated
src/unicode_tables/script.rs::const::GARAY	const	missing	-	auto-generated
src/unicode_tables/script.rs::const::GEORGIAN	const	missing	-	auto-generated
src/unicode_tables/script.rs::const::GLAGOLITIC	const	missing	-	auto-generated
src/unicode_tables/script.rs::const::GOTHIC	const	missing	-	auto-generated
src/unicode_tables/script.rs::const::GRANTHA	const	missing	-	auto-generated
src/unicode_tables/script.rs::const::GREEK	const	missing	-	auto-generated
src/unicode_tables/script.rs::const::GUJARATI	const	missing	-	auto-generated
src/unicode_tables/script.rs::const::GUNJALA_GONDI	const	missing	-	auto-generated
src/unicode_tables/script.rs::const::GURMUKHI	const	missing	-	auto-generated
src/unicode_tables/script.rs::const::GURUNG_KHEMA	const	missing	-	auto-generated
src/unicode_tables/script.rs::const::HAN	const	missing	-	auto-generated
src/unicode_tables/script.rs::const::HANGUL	const	missing	-	auto-generated
src/unicode_tables/script.rs::const::HANIFI_ROHINGYA	const	missing	-	auto-generated
src/unicode_tables/script.rs::const::HANUNOO	const	missing	-	auto-generated
src/unicode_tables/script.rs::const::HATRAN	const	missing	-	auto-generated
src/unicode_tables/script.rs::const::HEBREW	const	missing	-	auto-generated
src/unicode_tables/script.rs::const::HIRAGANA	const	missing	-	auto-generated
src/unicode_tables/script.rs::const::IMPERIAL_ARAMAIC	const	missing	-	auto-generated
src/unicode_tables/script.rs::const::INHERITED	const	missing	-	auto-generated
src/unicode_tables/script.rs::const::INSCRIPTIONAL_PAHLAVI	const	missing	-	auto-generated
src/unicode_tables/script.rs::const::INSCRIPTIONAL_PARTHIAN	const	missing	-	auto-generated
src/unicode_tables/script.rs::const::JAVANESE	const	missing	-	auto-generated
src/unicode_tables/script.rs::const::KAITHI	const	missing	-	auto-generated
src/unicode_tables/script.rs::const::KANNADA	const	missing	-	auto-generated
src/unicode_tables/script.rs::const::KATAKANA	const	missing	-	auto-generated
src/unicode_tables/script.rs::const::KAWI	const	missing	-	auto-generated
src/unicode_tables/script.rs::const::KAYAH_LI	const	missing	-	auto-generated
src/unicode_tables/script.rs::const::KHAROSHTHI	const	missing	-	auto-generated
src/unicode_tables/script.rs::const::KHITAN_SMALL_SCRIPT	const	missing	-	auto-generated
src/unicode_tables/script.rs::const::KHMER	const	missing	-	auto-generated
src/unicode_tables/script.rs::const::KHOJKI	const	missing	-	auto-generated
src/unicode_tables/script.rs::const::KHUDAWADI	const	missing	-	auto-generated
src/unicode_tables/script.rs::const::KIRAT_RAI	const	missing	-	auto-generated
src/unicode_tables/script.rs::const::LAO	const	missing	-	auto-generated
src/unicode_tables/script.rs::const::LATIN	const	missing	-	auto-generated
src/unicode_tables/script.rs::const::LEPCHA	const	missing	-	auto-generated
src/unicode_tables/script.rs::const::LIMBU	const	missing	-	auto-generated
src/unicode_tables/script.rs::const::LINEAR_A	const	missing	-	auto-generated
src/unicode_tables/script.rs::const::LINEAR_B	const	missing	-	auto-generated
src/unicode_tables/script.rs::const::LISU	const	missing	-	auto-generated
src/unicode_tables/script.rs::const::LYCIAN	const	missing	-	auto-generated
src/unicode_tables/script.rs::const::LYDIAN	const	missing	-	auto-generated
src/unicode_tables/script.rs::const::MAHAJANI	const	missing	-	auto-generated
src/unicode_tables/script.rs::const::MAKASAR	const	missing	-	auto-generated
src/unicode_tables/script.rs::const::MALAYALAM	const	missing	-	auto-generated
src/unicode_tables/script.rs::const::MANDAIC	const	missing	-	auto-generated
src/unicode_tables/script.rs::const::MANICHAEAN	const	missing	-	auto-generated
src/unicode_tables/script.rs::const::MARCHEN	const	missing	-	auto-generated
src/unicode_tables/script.rs::const::MASARAM_GONDI	const	missing	-	auto-generated
src/unicode_tables/script.rs::const::MEDEFAIDRIN	const	missing	-	auto-generated
src/unicode_tables/script.rs::const::MEETEI_MAYEK	const	missing	-	auto-generated
src/unicode_tables/script.rs::const::MENDE_KIKAKUI	const	missing	-	auto-generated
src/unicode_tables/script.rs::const::MEROITIC_CURSIVE	const	missing	-	auto-generated
src/unicode_tables/script.rs::const::MEROITIC_HIEROGLYPHS	const	missing	-	auto-generated
src/unicode_tables/script.rs::const::MIAO	const	missing	-	auto-generated
src/unicode_tables/script.rs::const::MODI	const	missing	-	auto-generated
src/unicode_tables/script.rs::const::MONGOLIAN	const	missing	-	auto-generated
src/unicode_tables/script.rs::const::MRO	const	missing	-	auto-generated
src/unicode_tables/script.rs::const::MULTANI	const	missing	-	auto-generated
src/unicode_tables/script.rs::const::MYANMAR	const	missing	-	auto-generated
src/unicode_tables/script.rs::const::NABATAEAN	const	missing	-	auto-generated
src/unicode_tables/script.rs::const::NAG_MUNDARI	const	missing	-	auto-generated
src/unicode_tables/script.rs::const::NANDINAGARI	const	missing	-	auto-generated
src/unicode_tables/script.rs::const::NEWA	const	missing	-	auto-generated
src/unicode_tables/script.rs::const::NEW_TAI_LUE	const	missing	-	auto-generated
src/unicode_tables/script.rs::const::NKO	const	missing	-	auto-generated
src/unicode_tables/script.rs::const::NUSHU	const	missing	-	auto-generated
src/unicode_tables/script.rs::const::NYIAKENG_PUACHUE_HMONG	const	missing	-	auto-generated
src/unicode_tables/script.rs::const::OGHAM	const	missing	-	auto-generated
src/unicode_tables/script.rs::const::OLD_HUNGARIAN	const	missing	-	auto-generated
src/unicode_tables/script.rs::const::OLD_ITALIC	const	missing	-	auto-generated
src/unicode_tables/script.rs::const::OLD_NORTH_ARABIAN	const	missing	-	auto-generated
src/unicode_tables/script.rs::const::OLD_PERMIC	const	missing	-	auto-generated
src/unicode_tables/script.rs::const::OLD_PERSIAN	const	missing	-	auto-generated
src/unicode_tables/script.rs::const::OLD_SOGDIAN	const	missing	-	auto-generated
src/unicode_tables/script.rs::const::OLD_SOUTH_ARABIAN	const	missing	-	auto-generated
src/unicode_tables/script.rs::const::OLD_TURKIC	const	missing	-	auto-generated
src/unicode_tables/script.rs::const::OLD_UYGHUR	const	missing	-	auto-generated
src/unicode_tables/script.rs::const::OL_CHIKI	const	missing	-	auto-generated
src/unicode_tables/script.rs::const::OL_ONAL	const	missing	-	auto-generated
src/unicode_tables/script.rs::const::ORIYA	const	missing	-	auto-generated
src/unicode_tables/script.rs::const::OSAGE	const	missing	-	auto-generated
src/unicode_tables/script.rs::const::OSMANYA	const	missing	-	auto-generated
src/unicode_tables/script.rs::const::PAHAWH_HMONG	const	missing	-	auto-generated
src/unicode_tables/script.rs::const::PALMYRENE	const	missing	-	auto-generated
src/unicode_tables/script.rs::const::PAU_CIN_HAU	const	missing	-	auto-generated
src/unicode_tables/script.rs::const::PHAGS_PA	const	missing	-	auto-generated
src/unicode_tables/script.rs::const::PHOENICIAN	const	missing	-	auto-generated
src/unicode_tables/script.rs::const::PSALTER_PAHLAVI	const	missing	-	auto-generated
src/unicode_tables/script.rs::const::REJANG	const	missing	-	auto-generated
src/unicode_tables/script.rs::const::RUNIC	const	missing	-	auto-generated
src/unicode_tables/script.rs::const::SAMARITAN	const	missing	-	auto-generated
src/unicode_tables/script.rs::const::SAURASHTRA	const	missing	-	auto-generated
src/unicode_tables/script.rs::const::SHARADA	const	missing	-	auto-generated
src/unicode_tables/script.rs::const::SHAVIAN	const	missing	-	auto-generated
src/unicode_tables/script.rs::const::SIDDHAM	const	missing	-	auto-generated
src/unicode_tables/script.rs::const::SIGNWRITING	const	missing	-	auto-generated
src/unicode_tables/script.rs::const::SINHALA	const	missing	-	auto-generated
src/unicode_tables/script.rs::const::SOGDIAN	const	missing	-	auto-generated
src/unicode_tables/script.rs::const::SORA_SOMPENG	const	missing	-	auto-generated
src/unicode_tables/script.rs::const::SOYOMBO	const	missing	-	auto-generated
src/unicode_tables/script.rs::const::SUNDANESE	const	missing	-	auto-generated
src/unicode_tables/script.rs::const::SUNUWAR	const	missing	-	auto-generated
src/unicode_tables/script.rs::const::SYLOTI_NAGRI	const	missing	-	auto-generated
src/unicode_tables/script.rs::const::SYRIAC	const	missing	-	auto-generated
src/unicode_tables/script.rs::const::TAGALOG	const	missing	-	auto-generated
src/unicode_tables/script.rs::const::TAGBANWA	const	missing	-	auto-generated
src/unicode_tables/script.rs::const::TAI_LE	const	missing	-	auto-generated
src/unicode_tables/script.rs::const::TAI_THAM	const	missing	-	auto-generated
src/unicode_tables/script.rs::const::TAI_VIET	const	missing	-	auto-generated
src/unicode_tables/script.rs::const::TAKRI	const	missing	-	auto-generated
src/unicode_tables/script.rs::const::TAMIL	const	missing	-	auto-generated
src/unicode_tables/script.rs::const::TANGSA	const	missing	-	auto-generated
src/unicode_tables/script.rs::const::TANGUT	const	missing	-	auto-generated
src/unicode_tables/script.rs::const::TELUGU	const	missing	-	auto-generated
src/unicode_tables/script.rs::const::THAANA	const	missing	-	auto-generated
src/unicode_tables/script.rs::const::THAI	const	missing	-	auto-generated
src/unicode_tables/script.rs::const::TIBETAN	const	missing	-	auto-generated
src/unicode_tables/script.rs::const::TIFINAGH	const	missing	-	auto-generated
src/unicode_tables/script.rs::const::TIRHUTA	const	missing	-	auto-generated
src/unicode_tables/script.rs::const::TODHRI	const	missing	-	auto-generated
src/unicode_tables/script.rs::const::TOTO	const	missing	-	auto-generated
src/unicode_tables/script.rs::const::TULU_TIGALARI	const	missing	-	auto-generated
src/unicode_tables/script.rs::const::UGARITIC	const	missing	-	auto-generated
src/unicode_tables/script.rs::const::VAI	const	missing	-	auto-generated
src/unicode_tables/script.rs::const::VITHKUQI	const	missing	-	auto-generated
src/unicode_tables/script.rs::const::WANCHO	const	missing	-	auto-generated
src/unicode_tables/script.rs::const::WARANG_CITI	const	missing	-	auto-generated
src/unicode_tables/script.rs::const::YEZIDI	const	missing	-	auto-generated
src/unicode_tables/script.rs::const::YI	const	missing	-	auto-generated
src/unicode_tables/script.rs::const::ZANABAZAR_SQUARE	const	missing	-	auto-generated
src/unicode_tables/script_extension.rs::const::ADLAM	const	missing	-	auto-generated
src/unicode_tables/script_extension.rs::const::AHOM	const	missing	-	auto-generated
src/unicode_tables/script_extension.rs::const::ANATOLIAN_HIEROGLYPHS	const	missing	-	auto-generated
src/unicode_tables/script_extension.rs::const::ARABIC	const	missing	-	auto-generated
src/unicode_tables/script_extension.rs::const::ARMENIAN	const	missing	-	auto-generated
src/unicode_tables/script_extension.rs::const::AVESTAN	const	missing	-	auto-generated
src/unicode_tables/script_extension.rs::const::BALINESE	const	missing	-	auto-generated
src/unicode_tables/script_extension.rs::const::BAMUM	const	missing	-	auto-generated
src/unicode_tables/script_extension.rs::const::BASSA_VAH	const	missing	-	auto-generated
src/unicode_tables/script_extension.rs::const::BATAK	const	missing	-	auto-generated
src/unicode_tables/script_extension.rs::const::BENGALI	const	missing	-	auto-generated
src/unicode_tables/script_extension.rs::const::BHAIKSUKI	const	missing	-	auto-generated
src/unicode_tables/script_extension.rs::const::BOPOMOFO	const	missing	-	auto-generated
src/unicode_tables/script_extension.rs::const::BRAHMI	const	missing	-	auto-generated
src/unicode_tables/script_extension.rs::const::BRAILLE	const	missing	-	auto-generated
src/unicode_tables/script_extension.rs::const::BUGINESE	const	missing	-	auto-generated
src/unicode_tables/script_extension.rs::const::BUHID	const	missing	-	auto-generated
src/unicode_tables/script_extension.rs::const::BY_NAME	const	missing	-	auto-generated
src/unicode_tables/script_extension.rs::const::CANADIAN_ABORIGINAL	const	missing	-	auto-generated
src/unicode_tables/script_extension.rs::const::CARIAN	const	missing	-	auto-generated
src/unicode_tables/script_extension.rs::const::CAUCASIAN_ALBANIAN	const	missing	-	auto-generated
src/unicode_tables/script_extension.rs::const::CHAKMA	const	missing	-	auto-generated
src/unicode_tables/script_extension.rs::const::CHAM	const	missing	-	auto-generated
src/unicode_tables/script_extension.rs::const::CHEROKEE	const	missing	-	auto-generated
src/unicode_tables/script_extension.rs::const::CHORASMIAN	const	missing	-	auto-generated
src/unicode_tables/script_extension.rs::const::COMMON	const	missing	-	auto-generated
src/unicode_tables/script_extension.rs::const::COPTIC	const	missing	-	auto-generated
src/unicode_tables/script_extension.rs::const::CUNEIFORM	const	missing	-	auto-generated
src/unicode_tables/script_extension.rs::const::CYPRIOT	const	missing	-	auto-generated
src/unicode_tables/script_extension.rs::const::CYPRO_MINOAN	const	missing	-	auto-generated
src/unicode_tables/script_extension.rs::const::CYRILLIC	const	missing	-	auto-generated
src/unicode_tables/script_extension.rs::const::DESERET	const	missing	-	auto-generated
src/unicode_tables/script_extension.rs::const::DEVANAGARI	const	missing	-	auto-generated
src/unicode_tables/script_extension.rs::const::DIVES_AKURU	const	missing	-	auto-generated
src/unicode_tables/script_extension.rs::const::DOGRA	const	missing	-	auto-generated
src/unicode_tables/script_extension.rs::const::DUPLOYAN	const	missing	-	auto-generated
src/unicode_tables/script_extension.rs::const::EGYPTIAN_HIEROGLYPHS	const	missing	-	auto-generated
src/unicode_tables/script_extension.rs::const::ELBASAN	const	missing	-	auto-generated
src/unicode_tables/script_extension.rs::const::ELYMAIC	const	missing	-	auto-generated
src/unicode_tables/script_extension.rs::const::ETHIOPIC	const	missing	-	auto-generated
src/unicode_tables/script_extension.rs::const::GARAY	const	missing	-	auto-generated
src/unicode_tables/script_extension.rs::const::GEORGIAN	const	missing	-	auto-generated
src/unicode_tables/script_extension.rs::const::GLAGOLITIC	const	missing	-	auto-generated
src/unicode_tables/script_extension.rs::const::GOTHIC	const	missing	-	auto-generated
src/unicode_tables/script_extension.rs::const::GRANTHA	const	missing	-	auto-generated
src/unicode_tables/script_extension.rs::const::GREEK	const	missing	-	auto-generated
src/unicode_tables/script_extension.rs::const::GUJARATI	const	missing	-	auto-generated
src/unicode_tables/script_extension.rs::const::GUNJALA_GONDI	const	missing	-	auto-generated
src/unicode_tables/script_extension.rs::const::GURMUKHI	const	missing	-	auto-generated
src/unicode_tables/script_extension.rs::const::GURUNG_KHEMA	const	missing	-	auto-generated
src/unicode_tables/script_extension.rs::const::HAN	const	missing	-	auto-generated
src/unicode_tables/script_extension.rs::const::HANGUL	const	missing	-	auto-generated
src/unicode_tables/script_extension.rs::const::HANIFI_ROHINGYA	const	missing	-	auto-generated
src/unicode_tables/script_extension.rs::const::HANUNOO	const	missing	-	auto-generated
src/unicode_tables/script_extension.rs::const::HATRAN	const	missing	-	auto-generated
src/unicode_tables/script_extension.rs::const::HEBREW	const	missing	-	auto-generated
src/unicode_tables/script_extension.rs::const::HIRAGANA	const	missing	-	auto-generated
src/unicode_tables/script_extension.rs::const::IMPERIAL_ARAMAIC	const	missing	-	auto-generated
src/unicode_tables/script_extension.rs::const::INHERITED	const	missing	-	auto-generated
src/unicode_tables/script_extension.rs::const::INSCRIPTIONAL_PAHLAVI	const	missing	-	auto-generated
src/unicode_tables/script_extension.rs::const::INSCRIPTIONAL_PARTHIAN	const	missing	-	auto-generated
src/unicode_tables/script_extension.rs::const::JAVANESE	const	missing	-	auto-generated
src/unicode_tables/script_extension.rs::const::KAITHI	const	missing	-	auto-generated
src/unicode_tables/script_extension.rs::const::KANNADA	const	missing	-	auto-generated
src/unicode_tables/script_extension.rs::const::KATAKANA	const	missing	-	auto-generated
src/unicode_tables/script_extension.rs::const::KAWI	const	missing	-	auto-generated
src/unicode_tables/script_extension.rs::const::KAYAH_LI	const	missing	-	auto-generated
src/unicode_tables/script_extension.rs::const::KHAROSHTHI	const	missing	-	auto-generated
src/unicode_tables/script_extension.rs::const::KHITAN_SMALL_SCRIPT	const	missing	-	auto-generated
src/unicode_tables/script_extension.rs::const::KHMER	const	missing	-	auto-generated
src/unicode_tables/script_extension.rs::const::KHOJKI	const	missing	-	auto-generated
src/unicode_tables/script_extension.rs::const::KHUDAWADI	const	missing	-	auto-generated
src/unicode_tables/script_extension.rs::const::KIRAT_RAI	const	missing	-	auto-generated
src/unicode_tables/script_extension.rs::const::LAO	const	missing	-	auto-generated
src/unicode_tables/script_extension.rs::const::LATIN	const	missing	-	auto-generated
src/unicode_tables/script_extension.rs::const::LEPCHA	const	missing	-	auto-generated
src/unicode_tables/script_extension.rs::const::LIMBU	const	missing	-	auto-generated
src/unicode_tables/script_extension.rs::const::LINEAR_A	const	missing	-	auto-generated
src/unicode_tables/script_extension.rs::const::LINEAR_B	const	missing	-	auto-generated
src/unicode_tables/script_extension.rs::const::LISU	const	missing	-	auto-generated
src/unicode_tables/script_extension.rs::const::LYCIAN	const	missing	-	auto-generated
src/unicode_tables/script_extension.rs::const::LYDIAN	const	missing	-	auto-generated
src/unicode_tables/script_extension.rs::const::MAHAJANI	const	missing	-	auto-generated
src/unicode_tables/script_extension.rs::const::MAKASAR	const	missing	-	auto-generated
src/unicode_tables/script_extension.rs::const::MALAYALAM	const	missing	-	auto-generated
src/unicode_tables/script_extension.rs::const::MANDAIC	const	missing	-	auto-generated
src/unicode_tables/script_extension.rs::const::MANICHAEAN	const	missing	-	auto-generated
src/unicode_tables/script_extension.rs::const::MARCHEN	const	missing	-	auto-generated
src/unicode_tables/script_extension.rs::const::MASARAM_GONDI	const	missing	-	auto-generated
src/unicode_tables/script_extension.rs::const::MEDEFAIDRIN	const	missing	-	auto-generated
src/unicode_tables/script_extension.rs::const::MEETEI_MAYEK	const	missing	-	auto-generated
src/unicode_tables/script_extension.rs::const::MENDE_KIKAKUI	const	missing	-	auto-generated
src/unicode_tables/script_extension.rs::const::MEROITIC_CURSIVE	const	missing	-	auto-generated
src/unicode_tables/script_extension.rs::const::MEROITIC_HIEROGLYPHS	const	missing	-	auto-generated
src/unicode_tables/script_extension.rs::const::MIAO	const	missing	-	auto-generated
src/unicode_tables/script_extension.rs::const::MODI	const	missing	-	auto-generated
src/unicode_tables/script_extension.rs::const::MONGOLIAN	const	missing	-	auto-generated
src/unicode_tables/script_extension.rs::const::MRO	const	missing	-	auto-generated
src/unicode_tables/script_extension.rs::const::MULTANI	const	missing	-	auto-generated
src/unicode_tables/script_extension.rs::const::MYANMAR	const	missing	-	auto-generated
src/unicode_tables/script_extension.rs::const::NABATAEAN	const	missing	-	auto-generated
src/unicode_tables/script_extension.rs::const::NAG_MUNDARI	const	missing	-	auto-generated
src/unicode_tables/script_extension.rs::const::NANDINAGARI	const	missing	-	auto-generated
src/unicode_tables/script_extension.rs::const::NEWA	const	missing	-	auto-generated
src/unicode_tables/script_extension.rs::const::NEW_TAI_LUE	const	missing	-	auto-generated
src/unicode_tables/script_extension.rs::const::NKO	const	missing	-	auto-generated
src/unicode_tables/script_extension.rs::const::NUSHU	const	missing	-	auto-generated
src/unicode_tables/script_extension.rs::const::NYIAKENG_PUACHUE_HMONG	const	missing	-	auto-generated
src/unicode_tables/script_extension.rs::const::OGHAM	const	missing	-	auto-generated
src/unicode_tables/script_extension.rs::const::OLD_HUNGARIAN	const	missing	-	auto-generated
src/unicode_tables/script_extension.rs::const::OLD_ITALIC	const	missing	-	auto-generated
src/unicode_tables/script_extension.rs::const::OLD_NORTH_ARABIAN	const	missing	-	auto-generated
src/unicode_tables/script_extension.rs::const::OLD_PERMIC	const	missing	-	auto-generated
src/unicode_tables/script_extension.rs::const::OLD_PERSIAN	const	missing	-	auto-generated
src/unicode_tables/script_extension.rs::const::OLD_SOGDIAN	const	missing	-	auto-generated
src/unicode_tables/script_extension.rs::const::OLD_SOUTH_ARABIAN	const	missing	-	auto-generated
src/unicode_tables/script_extension.rs::const::OLD_TURKIC	const	missing	-	auto-generated
src/unicode_tables/script_extension.rs::const::OLD_UYGHUR	const	missing	-	auto-generated
src/unicode_tables/script_extension.rs::const::OL_CHIKI	const	missing	-	auto-generated
src/unicode_tables/script_extension.rs::const::OL_ONAL	const	missing	-	auto-generated
src/unicode_tables/script_extension.rs::const::ORIYA	const	missing	-	auto-generated
src/unicode_tables/script_extension.rs::const::OSAGE	const	missing	-	auto-generated
src/unicode_tables/script_extension.rs::const::OSMANYA	const	missing	-	auto-generated
src/unicode_tables/script_extension.rs::const::PAHAWH_HMONG	const	missing	-	auto-generated
src/unicode_tables/script_extension.rs::const::PALMYRENE	const	missing	-	auto-generated
src/unicode_tables/script_extension.rs::const::PAU_CIN_HAU	const	missing	-	auto-generated
src/unicode_tables/script_extension.rs::const::PHAGS_PA	const	missing	-	auto-generated
src/unicode_tables/script_extension.rs::const::PHOENICIAN	const	missing	-	auto-generated
src/unicode_tables/script_extension.rs::const::PSALTER_PAHLAVI	const	missing	-	auto-generated
src/unicode_tables/script_extension.rs::const::REJANG	const	missing	-	auto-generated
src/unicode_tables/script_extension.rs::const::RUNIC	const	missing	-	auto-generated
src/unicode_tables/script_extension.rs::const::SAMARITAN	const	missing	-	auto-generated
src/unicode_tables/script_extension.rs::const::SAURASHTRA	const	missing	-	auto-generated
src/unicode_tables/script_extension.rs::const::SHARADA	const	missing	-	auto-generated
src/unicode_tables/script_extension.rs::const::SHAVIAN	const	missing	-	auto-generated
src/unicode_tables/script_extension.rs::const::SIDDHAM	const	missing	-	auto-generated
src/unicode_tables/script_extension.rs::const::SIGNWRITING	const	missing	-	auto-generated
src/unicode_tables/script_extension.rs::const::SINHALA	const	missing	-	auto-generated
src/unicode_tables/script_extension.rs::const::SOGDIAN	const	missing	-	auto-generated
src/unicode_tables/script_extension.rs::const::SORA_SOMPENG	const	missing	-	auto-generated
src/unicode_tables/script_extension.rs::const::SOYOMBO	const	missing	-	auto-generated
src/unicode_tables/script_extension.rs::const::SUNDANESE	const	missing	-	auto-generated
src/unicode_tables/script_extension.rs::const::SUNUWAR	const	missing	-	auto-generated
src/unicode_tables/script_extension.rs::const::SYLOTI_NAGRI	const	missing	-	auto-generated
src/unicode_tables/script_extension.rs::const::SYRIAC	const	missing	-	auto-generated
src/unicode_tables/script_extension.rs::const::TAGALOG	const	missing	-	auto-generated
src/unicode_tables/script_extension.rs::const::TAGBANWA	const	missing	-	auto-generated
src/unicode_tables/script_extension.rs::const::TAI_LE	const	missing	-	auto-generated
src/unicode_tables/script_extension.rs::const::TAI_THAM	const	missing	-	auto-generated
src/unicode_tables/script_extension.rs::const::TAI_VIET	const	missing	-	auto-generated
src/unicode_tables/script_extension.rs::const::TAKRI	const	missing	-	auto-generated
src/unicode_tables/script_extension.rs::const::TAMIL	const	missing	-	auto-generated
src/unicode_tables/script_extension.rs::const::TANGSA	const	missing	-	auto-generated
src/unicode_tables/script_extension.rs::const::TANGUT	const	missing	-	auto-generated
src/unicode_tables/script_extension.rs::const::TELUGU	const	missing	-	auto-generated
src/unicode_tables/script_extension.rs::const::THAANA	const	missing	-	auto-generated
src/unicode_tables/script_extension.rs::const::THAI	const	missing	-	auto-generated
src/unicode_tables/script_extension.rs::const::TIBETAN	const	missing	-	auto-generated
src/unicode_tables/script_extension.rs::const::TIFINAGH	const	missing	-	auto-generated
src/unicode_tables/script_extension.rs::const::TIRHUTA	const	missing	-	auto-generated
src/unicode_tables/script_extension.rs::const::TODHRI	const	missing	-	auto-generated
src/unicode_tables/script_extension.rs::const::TOTO	const	missing	-	auto-generated
src/unicode_tables/script_extension.rs::const::TULU_TIGALARI	const	missing	-	auto-generated
src/unicode_tables/script_extension.rs::const::UGARITIC	const	missing	-	auto-generated
src/unicode_tables/script_extension.rs::const::VAI	const	missing	-	auto-generated
src/unicode_tables/script_extension.rs::const::VITHKUQI	const	missing	-	auto-generated
src/unicode_tables/script_extension.rs::const::WANCHO	const	missing	-	auto-generated
src/unicode_tables/script_extension.rs::const::WARANG_CITI	const	missing	-	auto-generated
src/unicode_tables/script_extension.rs::const::YEZIDI	const	missing	-	auto-generated
src/unicode_tables/script_extension.rs::const::YI	const	missing	-	auto-generated
src/unicode_tables/script_extension.rs::const::ZANABAZAR_SQUARE	const	missing	-	auto-generated
src/unicode_tables/sentence_break.rs::const::ATERM	const	missing	-	auto-generated
src/unicode_tables/sentence_break.rs::const::BY_NAME	const	missing	-	auto-generated
src/unicode_tables/sentence_break.rs::const::CLOSE	const	missing	-	auto-generated
src/unicode_tables/sentence_break.rs::const::CR	const	missing	-	auto-generated
src/unicode_tables/sentence_break.rs::const::EXTEND	const	missing	-	auto-generated
src/unicode_tables/sentence_break.rs::const::FORMAT	const	missing	-	auto-generated
src/unicode_tables/sentence_break.rs::const::LF	const	missing	-	auto-generated
src/unicode_tables/sentence_break.rs::const::LOWER	const	missing	-	auto-generated
src/unicode_tables/sentence_break.rs::const::NUMERIC	const	missing	-	auto-generated
src/unicode_tables/sentence_break.rs::const::OLETTER	const	missing	-	auto-generated
src/unicode_tables/sentence_break.rs::const::SCONTINUE	const	missing	-	auto-generated
src/unicode_tables/sentence_break.rs::const::SEP	const	missing	-	auto-generated
src/unicode_tables/sentence_break.rs::const::SP	const	missing	-	auto-generated
src/unicode_tables/sentence_break.rs::const::STERM	const	missing	-	auto-generated
src/unicode_tables/sentence_break.rs::const::UPPER	const	missing	-	auto-generated
src/unicode_tables/word_break.rs::const::ALETTER	const	missing	-	auto-generated
src/unicode_tables/word_break.rs::const::BY_NAME	const	missing	-	auto-generated
src/unicode_tables/word_break.rs::const::CR	const	missing	-	auto-generated
src/unicode_tables/word_break.rs::const::DOUBLE_QUOTE	const	missing	-	auto-generated
src/unicode_tables/word_break.rs::const::EXTEND	const	missing	-	auto-generated
src/unicode_tables/word_break.rs::const::EXTENDNUMLET	const	missing	-	auto-generated
src/unicode_tables/word_break.rs::const::FORMAT	const	missing	-	auto-generated
src/unicode_tables/word_break.rs::const::HEBREW_LETTER	const	missing	-	auto-generated
src/unicode_tables/word_break.rs::const::KATAKANA	const	missing	-	auto-generated
src/unicode_tables/word_break.rs::const::LF	const	missing	-	auto-generated
src/unicode_tables/word_break.rs::const::MIDLETTER	const	missing	-	auto-generated
src/unicode_tables/word_break.rs::const::MIDNUM	const	missing	-	auto-generated
src/unicode_tables/word_break.rs::const::MIDNUMLET	const	missing	-	auto-generated
src/unicode_tables/word_break.rs::const::NEWLINE	const	missing	-	auto-generated
src/unicode_tables/word_break.rs::const::NUMERIC	const	missing	-	auto-generated
src/unicode_tables/word_break.rs::const::REGIONAL_INDICATOR	const	missing	-	auto-generated
src/unicode_tables/word_break.rs::const::SINGLE_QUOTE	const	missing	-	auto-generated
src/unicode_tables/word_break.rs::const::WSEGSPACE	const	missing	-	auto-generated
src/unicode_tables/word_break.rs::const::ZWJ	const	missing	-	auto-generated
src/utf8.rs::enum::Utf8Sequence	enum	missing	-	auto-generated
src/utf8.rs::func::as_slice	func	missing	-	auto-generated
src/utf8.rs::func::len	func	missing	-	auto-generated
src/utf8.rs::func::matches	func	missing	-	auto-generated
src/utf8.rs::func::new	func	missing	-	auto-generated
src/utf8.rs::func::reset	func	missing	-	auto-generated
src/utf8.rs::func::reverse	func	missing	-	auto-generated
src/utf8.rs::method::Utf8Sequences.new	method	missing	-	auto-generated
src/utf8.rs::struct::Utf8Range	struct	missing	-	auto-generated
src/utf8.rs::struct::Utf8Sequences	struct	missing	-	auto-generated
src/utf8.rs::test::bmp	test	missing	-	auto-generated
src/utf8.rs::test::codepoints_no_surrogates	test	missing	-	auto-generated
src/utf8.rs::test::reverse	test	missing	-	auto-generated
src/utf8.rs::test::single_codepoint_one_sequence	test	missing	-	auto-generated
